{
    "train_loss": [
        0.7272380506291108,
        0.3006790942128967,
        0.25570068806409835,
        0.23173574366990257,
        0.2211369869463584,
        0.20564580493990112,
        0.19855096800362362,
        0.19172319270232144,
        0.18698137126424733,
        0.1825280341155389,
        0.17753466937471837,
        0.16945569186526185,
        0.1694837991367368,
        0.15627748054616591,
        0.1493139699101448,
        0.14235843349905575,
        0.1444149038370918,
        0.14084265928934603,
        0.13678824553156602,
        0.13083199082928545
    ],
    "train_acc": [
        81.17806831783446,
        90.8433845870546,
        91.92063345916583,
        92.5835558420035,
        92.68023202283399,
        93.18663106527944,
        93.4099070067213,
        93.69533192155419,
        93.87717521406869,
        93.88177884172728,
        94.12577110763281,
        94.28459626185435,
        94.27308719270785,
        94.73805358622594,
        94.91068962342325,
        95.055703894669,
        95.20532179357333,
        95.33882699567259,
        95.37795783077065,
        95.62425191050548
    ],
    "val_loss": [
        0.1592346878592358,
        0.11332196456401847,
        0.0973655921082164,
        0.08606516197323799,
        0.08040071582031805,
        0.07533805141615313,
        0.0757027011971141,
        0.07195854187011719,
        0.0673156721560761,
        0.06958505840495575,
        0.06638226623451987,
        0.0655604763346356,
        0.06969975480853124,
        0.0570094377928695,
        0.05473025179966245,
        0.05464143353665984,
        0.0545457981440217,
        0.05118733083526062,
        0.04992814691260804,
        0.05168947152966677
    ],
    "val_acc": [
        95.75545529877543,
        96.6945953411288,
        97.10892183040235,
        97.56007734094466,
        97.58769910689624,
        97.69818617070251,
        97.624528128165,
        97.69818617070251,
        98.02964736212135,
        97.79946597919161,
        97.90995304299788,
        97.95598931958384,
        97.78105146855722,
        98.22299972378234,
        98.351901298223,
        98.31507227695424,
        98.20458521314796,
        98.48080287266366,
        98.4531811067121,
        98.36110855354019
    ]
}